<?xml version="1.0" encoding="UTF-8"?>
<beans xmlns="http://www.springframework.org/schema/beans"
       xmlns:xsi="http://www.w3.org/2001/XMLSchema-instance"
       xmlns:aop="http://www.springframework.org/schema/aop"
       xmlns:context="http://www.springframework.org/schema/context"  
       xsi:schemaLocation="http://www.springframework.org/schema/beans
                           http://www.springframework.org/schema/beans/spring-beans.xsd
                           http://www.springframework.org/schema/aop
                           http://www.springframework.org/schema/aop/spring-aop.xsd
                           http://www.springframework.org/schema/context
                           http://www.springframework.org/schema/context/spring-context.xsd">


	<!-- Bean definition for BookRepository -->
    <bean id="bookRepository" class="com.library.repository.BookRepository"/>
    
     <!-- Bean definition for BookService -->
    <bean id="bookService" class="com.library.service.BookService">
    	<property name="bookRepository2" ref="bookRepository"></property>
    	<constructor-arg ref="bookRepository"></constructor-arg>
    </bean> 
    
    <!-- Enable AspectJ support -->
    <aop:aspectj-autoproxy/>
    
    <!-- Bean definition for LoggingAspect -->
    <bean id="loggingAspect" class="com.library.aspect.LoggingAspect"/>

    
    
</beans>
